algorithm,alpha_value,depth,subgroups_start,candidates_generated,subgroups_after_pruning,width,best_quality,avg_coverage,cumulative_candidates,depth_auc,depth_time,final_auc,final_width,dataset
Pure ROC,pure_roc,0,1,0,1,1,0.0,922.0,0,0.5,,0.7823826337294493,12,adult
Pure ROC,pure_roc,1,1,120,14,14,0.5206589164800124,502.9285714285714,120,0.7411422596032817,0.3023598194122314,0.7823826337294493,12,adult
Pure ROC,pure_roc,2,14,1369,19,19,0.5544051484304904,430.1578947368421,1489,0.8111779552158842,3.926469802856445,0.7823826337294493,12,adult
Pure ROC,pure_roc,3,19,1639,14,14,0.5745767197474843,396.57142857142856,3128,0.844101187056629,4.642071723937988,0.7823826337294493,12,adult
Pure ROC,pure_roc,4,14,1045,12,12,0.5824000619670671,380.25,4173,0.8539190942480361,3.2009849548339844,0.7823826337294493,12,adult
Hull Removal,hull_removal,1,120,120,56,56,0.5206589164800124,662.2678571428571,120,0.7411422596032817,0.0034947395324707,0.8615132874174579,44,adult
Hull Removal,hull_removal,2,5591,5591,18,18,0.5544051484304904,427.0,5711,0.8397086256866402,16.42969560623169,0.8615132874174579,44,adult
Hull Removal,hull_removal,3,1462,1462,30,30,0.5745767197474843,440.1333333333333,7173,0.8557974709690747,4.951052665710449,0.8615132874174579,44,adult
Hull Removal,hull_removal,4,2212,2212,44,44,0.5824000619670671,441.2272727272728,9385,0.8615132874174579,8.049187421798706,0.8615132874174579,44,adult
Closest to Hull (n=5),closest_to_hull,1,120,120,19,19,0.5206589164800124,525.0,120,0.7411422596032817,0.0043857097625732,0.8615132874174579,38,adult
Closest to Hull (n=5),closest_to_hull,2,1806,1806,16,16,0.5544051484304904,398.3125,1926,0.8397086256866402,6.080201625823975,0.8615132874174579,38,adult
Closest to Hull (n=5),closest_to_hull,3,1274,1274,26,26,0.5745767197474843,408.9230769230769,3200,0.8557974709690747,4.155847072601318,0.8615132874174579,38,adult
Closest to Hull (n=5),closest_to_hull,4,1878,1878,38,38,0.5824000619670671,410.2894736842105,5078,0.8615132874174579,7.00742769241333,0.8615132874174579,38,adult
Furthest from Diagonal (n=5),furthest_diagonal,1,120,120,19,19,0.5206589164800124,489.9473684210527,120,0.7411422596032817,0.0062136650085449,0.8615132874174579,37,adult
Furthest from Diagonal (n=5),furthest_diagonal,2,1796,1796,18,18,0.5544051484304904,352.0,1916,0.8385080137618528,5.77693247795105,0.8615132874174579,37,adult
Furthest from Diagonal (n=5),furthest_diagonal,3,1420,1420,25,25,0.5745767197474843,363.48,3336,0.8557974709690747,5.168165922164917,0.8615132874174579,37,adult
Furthest from Diagonal (n=5),furthest_diagonal,4,1770,1770,37,37,0.5824000619670671,362.8378378378378,5106,0.8615132874174579,6.659512758255005,0.8615132874174579,37,adult
Below Hull Threshold (1.0%),below_hull,1,120,120,18,18,0.5206589164800124,497.22222222222223,120,0.7411422596032817,0.0028252601623535,0.8592185694644366,25,adult
Below Hull Threshold (1.0%),below_hull,2,1698,1698,19,19,0.5544051484304904,442.89473684210526,1818,0.8382143156834774,4.89849591255188,0.8592185694644366,25,adult
Below Hull Threshold (1.0%),below_hull,3,1603,1603,7,7,0.5745767197474843,417.4285714285714,3421,0.8533155608342317,5.280412197113037,0.8592185694644366,25,adult
Below Hull Threshold (1.0%),below_hull,4,509,509,25,25,0.5824000619670671,361.84,3930,0.8592185694644366,1.7676196098327637,0.8592185694644366,25,adult
Above Diagonal Threshold (1.0%),above_diagonal,1,120,120,18,18,0.5206589164800124,497.22222222222223,120,0.7411422596032817,0.0052742958068847,0.8615132874174579,14,adult
Above Diagonal Threshold (1.0%),above_diagonal,2,1698,1698,11,11,0.5544051484304904,405.1818181818182,1818,0.8397086256866402,4.930426359176636,0.8615132874174579,14,adult
Above Diagonal Threshold (1.0%),above_diagonal,3,894,894,15,15,0.5745767197474843,429.2,2712,0.8557974709690747,2.902824878692627,0.8615132874174579,14,adult
Above Diagonal Threshold (1.0%),above_diagonal,4,1097,1097,14,14,0.5824000619670671,443.7857142857143,3809,0.8615132874174579,3.91888165473938,0.8615132874174579,14,adult
Closest to Hull (n=10),closest_to_hull,1,120,120,24,24,0.5206589164800124,569.375,120,0.7411422596032817,0.007871627807617188,0.8615132874174579,45,adult
Closest to Hull (n=10),closest_to_hull,2,2303,2303,19,19,0.5544051484304904,443.8421052631579,2423,0.8397021707838188,7.346129417419434,0.8615132874174579,45,adult
Closest to Hull (n=10),closest_to_hull,3,1565,1565,31,31,0.5745767197474843,450.51612903225805,3988,0.8557974709690747,4.677245378494263,0.8615132874174579,45,adult
Closest to Hull (n=10),closest_to_hull,4,2298,2298,45,45,0.5824000619670671,448.31111111111113,6286,0.8615132874174579,8.547785758972168,0.8615132874174579,45,adult
Furthest from Diagonal (n=10),furthest_diagonal,1,120,120,24,24,0.5206589164800124,528.5,120,0.7411422596032817,0.00805974006652832,0.8615132874174579,55,adult
Furthest from Diagonal (n=10),furthest_diagonal,2,2305,2305,25,25,0.5544051484304904,395.84,2425,0.8381917235236023,7.195124387741089,0.8615132874174579,55,adult
Furthest from Diagonal (n=10),furthest_diagonal,3,2019,2019,36,36,0.5745767197474843,397.05555555555554,4444,0.8557490591979139,6.696690320968628,0.8615132874174579,55,adult
Furthest from Diagonal (n=10),furthest_diagonal,4,2599,2599,55,55,0.5824000619670671,389.6545454545454,7043,0.8614648756462971,9.621216297149658,0.8615132874174579,55,adult
Below Hull Threshold (2.0%),below_hull,1,120,120,18,18,0.5206589164800124,497.22222222222223,120,0.7411422596032817,0.0032346248626708984,0.8603159029440812,8,adult
Below Hull Threshold (2.0%),below_hull,2,1698,1698,7,7,0.5544051484304904,443.42857142857144,1818,0.8393923354483899,5.201717376708984,0.8603159029440812,8,adult
Below Hull Threshold (2.0%),below_hull,3,580,580,29,29,0.5745767197474843,397.8965517241379,2398,0.8549389688938233,1.8507871627807617,0.8603159029440812,8,adult
Below Hull Threshold (2.0%),below_hull,4,2206,2206,8,8,0.5824000619670671,404.0,4604,0.8603159029440812,7.557449817657471,0.8603159029440812,8,adult
Above Diagonal Threshold (5.0%),above_diagonal,1,120,120,18,18,0.5206589164800124,497.22222222222223,120,0.7411422596032817,0.0059070587158203125,0.8603159029440812,8,adult
Above Diagonal Threshold (5.0%),above_diagonal,2,1698,1698,14,14,0.5544051484304904,414.42857142857144,1818,0.8385080137618528,5.263428449630737,0.8603159029440812,8,adult
Above Diagonal Threshold (5.0%),above_diagonal,3,1152,1152,30,30,0.5745767197474843,397.93333333333334,2970,0.8552713963891275,3.723966598510742,0.8603159029440812,8,adult
Above Diagonal Threshold (5.0%),above_diagonal,4,2195,2195,8,8,0.5824000619670671,404.0,5165,0.8603159029440812,7.017655849456787,0.8603159029440812,8,adult
Closest to Hull (n=25),closest_to_hull,1,120,120,39,39,0.5206589164800124,656.974358974359,120,0.7411422596032817,0.007242679595947266,0.8615132874174579,54,adult
Closest to Hull (n=25),closest_to_hull,2,3837,3837,36,36,0.5544051484304904,614.0555555555555,3957,0.8390114961819249,11.145745515823364,0.8615132874174579,54,adult
Closest to Hull (n=25),closest_to_hull,3,3198,3198,40,40,0.5745767197474843,519.55,7155,0.8557974709690747,10.807689666748047,0.8615132874174579,54,adult
Closest to Hull (n=25),closest_to_hull,4,3060,3060,54,54,0.5824000619670671,498.6666666666667,10215,0.8615132874174579,10.402005195617676,0.8615132874174579,54,adult
Furthest from Diagonal (n=25),furthest_diagonal,1,120,120,39,39,0.5206589164800124,591.8461538461538,120,0.7411422596032817,0.004544496536254883,0.8603159029440812,142,adult
Furthest from Diagonal (n=25),furthest_diagonal,2,3790,3790,55,55,0.5544051484304904,410.1272727272727,3910,0.8376140097210836,11.361268997192383,0.8603159029440812,142,adult
Furthest from Diagonal (n=25),furthest_diagonal,3,4625,4625,53,53,0.5745767197474843,407.3018867924528,8535,0.8552810787433597,15.322290182113647,0.8603159029440812,142,adult
Furthest from Diagonal (n=25),furthest_diagonal,4,3900,3900,142,142,0.5824000619670671,370.8380281690141,12435,0.8614487383892435,13.490409851074219,0.8603159029440812,142,adult
Below Hull Threshold (5.0%),below_hull,1,120,120,23,23,0.5206589164800124,583.9130434782609,120,0.7411422596032817,0.0076770782470703125,0.8571207260474694,9,adult
Below Hull Threshold (5.0%),below_hull,2,2234,2234,10,10,0.5544051484304904,474.4,2354,0.8358324565423667,6.914011240005493,0.8571207260474694,9,adult
Below Hull Threshold (5.0%),below_hull,3,855,855,9,9,0.5745767197474843,420.8888888888889,3209,0.8521310861664978,2.581557512283325,0.8571207260474694,9,adult
Below Hull Threshold (5.0%),below_hull,4,668,668,9,9,0.5824000619670671,392.1111111111111,3877,0.8571207260474694,2.446658134460449,0.8571207260474694,9,adult
Above Diagonal Threshold (10.0%),above_diagonal,1,120,120,18,18,0.5206589164800124,497.22222222222223,120,0.7411422596032817,0.002858400344848633,0.8592185694644366,25,adult
Above Diagonal Threshold (10.0%),above_diagonal,2,1698,1698,20,20,0.5544051484304904,409.55,1818,0.8378302489656018,4.952972888946533,0.8592185694644366,25,adult
Above Diagonal Threshold (10.0%),above_diagonal,3,1657,1657,7,7,0.5745767197474843,417.42857142857144,3475,0.8533155608342317,5.002426624298096,0.8592185694644366,25,adult
Above Diagonal Threshold (10.0%),above_diagonal,4,509,509,25,25,0.5824000619670671,361.84,3984,0.8592185694644366,1.6043686866760254,0.8592185694644366,25,adult
Pure ROC,pure_roc,0,1,0,1,1,0.0,581012.0,0,0.5,,0.720155640623545,10,Covertype
Pure ROC,pure_roc,1,1,315,28,28,0.3001700086151579,414017.10714285716,315,0.5992926808460743,87.73783826828003,0.720155640623545,10,Covertype
Pure ROC,pure_roc,2,28,8464,20,20,0.403498685202273,263752.8,8779,0.6440048673409761,2075.1293864250183,0.720155640623545,10,Covertype
Pure ROC,pure_roc,3,20,5781,12,12,0.41918878459859865,235700.66666666666,14560,0.7249374182377853,1178.8577091693878,0.720155640623545,10,Covertype
Pure ROC,pure_roc,4,12,3370,10,10,0.4318556704945057,233861.2,17930,0.7572765234146461,557.8259365558624,0.720155640623545,10,Covertype
Hull Removal,hull_removal,1,315,315,16,16,0.3001700086151579,405427.125,315,0.6210286923267,91.78788042068481,0.7616197709528097,251,Covertype
Hull Removal,hull_removal,2,4819,4819,90,90,0.403498685202273,469327.3333333333,5134,0.7433913883676821,1173.8950803279877,0.7616197709528097,251,Covertype
Hull Removal,hull_removal,3,10000,10000,183,183,0.41918878459859865,356811.65573770495,15134,0.7596168578906262,2226.8163030147552,0.7616197709528097,251,Covertype
Hull Removal,hull_removal,4,10000,10000,251,251,0.4318556704945057,323303.4701195219,25134,0.7629514740587959,1730.150405883789,0.7616197709528097,251,Covertype
Closest to Hull (n=5),closest_to_hull,1,315,315,10,10,0.3001700086151579,535870.5,315,0.6664983732527353,92.36161375045776,0.7260819469888758,329,Covertype
Closest to Hull (n=5),closest_to_hull,2,3091,3091,84,84,0.403498685202273,496414.60714285716,3406,0.7433913883676821,840.427088022232,0.7260819469888758,329,Covertype
Closest to Hull (n=5),closest_to_hull,3,10000,10000,171,171,0.41918878459859865,407624.50877192983,13406,0.7595826918640576,2335.084888458252,0.7260819469888758,329,Covertype
Closest to Hull (n=5),closest_to_hull,4,10000,10000,329,329,0.4318556704945057,141456.29787234042,23406,0.7260819469888758,1748.393706560135,0.7260819469888758,329,Covertype
Furthest from Diagonal (n=5),furthest_diagonal,1,315,315,16,16,0.3001700086151579,405427.125,315,0.6210286923267,91.34360885620117,0.7260819469888758,329,Covertype
Furthest from Diagonal (n=5),furthest_diagonal,2,4819,4819,90,90,0.403498685202273,469327.3333333333,5134,0.7433913883676821,1166.0753412246704,0.7260819469888758,329,Covertype
Furthest from Diagonal (n=5),furthest_diagonal,3,10000,10000,174,174,0.41918878459859865,346734.6896551724,15134,0.7595826918640576,2215.4552471637726,0.7260819469888758,329,Covertype
Furthest from Diagonal (n=5),furthest_diagonal,4,10000,10000,329,329,0.4318556704945057,141456.29787234042,25134,0.7260819469888758,1543.1801669597626,0.7260819469888758,329,Covertype
Below Hull Threshold (1.0%),below_hull,1,315,315,9,9,0.3001700086151579,529405.3333333334,315,0.6664738686368554,90.07559156417847,0.7713482154952586,10
Below Hull Threshold (1.0%),below_hull,2,2781,2781,7,7,0.403498685202273,373327.5714285714,3096,0.7423072124790022,762.4179615974426,0.7713482154952586,10
Below Hull Threshold (1.0%),below_hull,3,2043,2043,8,8,0.41918878459859865,328729.0,5139,0.7589422922386837,488.9359436035156,0.7713482154952586,10
Below Hull Threshold (1.0%),below_hull,4,2256,2256,10,10,0.4318556704945057,283122.2,7395,0.7713482154952586,518.0239298343658,0.7713482154952586,10
Above Diagonal Threshold (1.0%),above_diagonal,1,315,315,6,6,0.3001700086151579,511388.5,315,0.6664983732527353,87.01739835739136,0.7720150951917738,15,Covertype
Above Diagonal Threshold (1.0%),above_diagonal,2,1851,1851,24,24,0.403498685202273,395668.1666666667,2166,0.7433913883676821,499.271457195282,0.7720150951917738,15,Covertype
Above Diagonal Threshold (1.0%),above_diagonal,3,7129,7129,7,7,0.4191887845985986,301402.4285714286,9295,0.7583552478798429,1686.6942768096924,0.7720150951917738,15,Covertype
Above Diagonal Threshold (1.0%),above_diagonal,4,1956,1956,15,15,0.4318556704945057,264152.2,11251,0.7720150951917738,408.25123620033264,0.7720150951917738,15,Covertype
Pure ROC,pure_roc,0,1,0,1,1,0.0,653.0,0,0.5,,0.8986486486486486,8,Credit-a
Pure ROC,pure_roc,1,1,97,10,10,0.7403096373684609,322.0,97,0.735454992807934,0.1085703372955322,0.8986486486486486,8,Credit-a
Pure ROC,pure_roc,2,10,749,10,10,0.7487129987129987,284.7,846,0.8105079869785753,1.400355339050293,0.8986486486486486,8,Credit-a
Pure ROC,pure_roc,3,10,663,8,8,0.7487129987129987,285.0,1509,0.921705844499962,1.7198708057403564,0.8986486486486486,8,Credit-a
Pure ROC,pure_roc,4,8,486,8,8,0.7487129987129987,284.625,1995,0.9245590127943067,1.3101511001586914,0.8986486486486486,8,Credit-a
Hull Removal,hull_removal,1,97,97,43,43,0.7403096373684609,438.4186046511628,97,0.735454992807934,0.0048327445983886,0.9282686047391928,646,Credit-a
Hull Removal,hull_removal,2,3322,3322,22,22,0.7487129987129987,266.72727272727275,3419,0.9211900976606858,8.639180421829224,0.9282686047391928,646,Credit-a
Hull Removal,hull_removal,3,1488,1488,96,96,0.7487129987129987,317.0416666666667,4907,0.9258744038155804,4.94702672958374,0.9282686047391928,646,Credit-a
Hull Removal,hull_removal,4,5988,5988,646,646,0.7487129987129987,317.6470588235294,10895,0.9284342115224468,19.9012234210968,0.9282686047391928,646,Credit-a
Closest to Hull (n=5),closest_to_hull,1,97,97,15,15,0.7403096373684609,395.53333333333336,97,0.735454992807934,0.0060927867889404,0.9282686047391928,536,Credit-a
Closest to Hull (n=5),closest_to_hull,2,1165,1165,22,22,0.7487129987129987,266.72727272727275,1262,0.9211900976606858,3.7329952716827393,0.9282686047391928,536,Credit-a
Closest to Hull (n=5),closest_to_hull,3,1488,1488,90,90,0.7487129987129987,308.4888888888889,2750,0.9258744038155804,5.20116400718689,0.9282686047391928,536,Credit-a
Closest to Hull (n=5),closest_to_hull,4,5544,5544,536,536,0.7487129987129987,305.8955223880597,8294,0.9284342115224468,19.044962644577023,0.9282686047391928,536,Credit-a
Furthest from Diagonal (n=5),furthest_diagonal,1,97,97,15,15,0.7403096373684609,381.2,97,0.735454992807934,0.00677490234375,0.9268396547808312,682,Credit-a
Furthest from Diagonal (n=5),furthest_diagonal,2,1158,1158,44,44,0.7487129987129987,307.8636363636364,1255,0.920934590052237,3.2247586250305176,0.9268396547808312,682,Credit-a
Furthest from Diagonal (n=5),furthest_diagonal,3,3126,3126,110,110,0.7487129987129987,315.3090909090909,4381,0.9258744038155804,9.431870937347412,0.9268396547808312,682,Credit-a
Furthest from Diagonal (n=5),furthest_diagonal,4,6246,6246,682,682,0.7487129987129987,312.25219941348973,10627,0.9273364751305928,20.982611656188965,0.9268396547808312,682,Credit-a
Below Hull Threshold (1.0%),below_hull,1,97,97,18,18,0.7403096373684609,375.22222222222223,97,0.735454992807934,0.0041515827178955,0.9260920584449998,20,Credit-a
Below Hull Threshold (1.0%),below_hull,2,1339,1339,29,29,0.7487129987129987,346.86206896551727,1436,0.920934590052237,3.6974713802337646,0.9260920584449998,20,Credit-a
Below Hull Threshold (1.0%),below_hull,3,2127,2127,5,5,0.7487129987129987,283.4,3563,0.9249753955636308,5.319843292236328,0.9260920584449998,20,Credit-a
Below Hull Threshold (1.0%),below_hull,4,280,280,20,20,0.7487129987129987,309.15,3843,0.9260920584449998,0.9484038352966307,0.9260920584449998,20,Credit-a
Above Diagonal Threshold (1.0%),above_diagonal,1,97,97,18,18,0.7403096373684609,375.22222222222223,97,0.735454992807934,0.0041487216949462,0.9274169127110304,17,Credit-a
Above Diagonal Threshold (1.0%),above_diagonal,2,1339,1339,18,18,0.7487129987129987,268.55555555555554,1436,0.9211900976606858,3.485912799835205,0.9274169127110304,17,Credit-a
Above Diagonal Threshold (1.0%),above_diagonal,3,1233,1233,5,5,0.7487129987129987,283.4,2669,0.9249753955636308,4.021915435791016,0.9274169127110304,17,Credit-a
Above Diagonal Threshold (1.0%),above_diagonal,4,280,280,17,17,0.7487129987129987,302.8235294117647,2949,0.9274169127110304,0.9480113983154296,0.9274169127110304,17,Credit-a
Closest to Hull (n=10),closest_to_hull,1,97,97,20,20,0.7403096373684609,413.65,97,0.735454992807934,0.008018255233764648,0.9282686047391929,536,Credit-a
Closest to Hull (n=10),closest_to_hull,2,1536,1536,22,22,0.7487129987129987,266.72727272727275,1633,0.9211900976606858,4.629501104354858,0.9282686047391929,536,Credit-a
Closest to Hull (n=10),closest_to_hull,3,1488,1488,90,90,0.7487129987129987,308.4888888888889,3121,0.9258744038155803,5.207657337188721,0.9282686047391929,536,Credit-a
Closest to Hull (n=10),closest_to_hull,4,5544,5544,536,536,0.7487129987129987,305.8955223880597,8665,0.9284342115224468,19.603906869888306,0.9282686047391929,536,Credit-a
Furthest from Diagonal (n=10),furthest_diagonal,1,97,97,20,20,0.7403096373684609,415.0,97,0.735454992807934,0.0076105594635009766,0.9268396547808312,682,Credit-a
Furthest from Diagonal (n=10),furthest_diagonal,2,1561,1561,44,44,0.7487129987129987,307.8636363636364,1658,0.920934590052237,4.4890618324279785,0.9268396547808312,682,Credit-a
Furthest from Diagonal (n=10),furthest_diagonal,3,3126,3126,110,110,0.7487129987129987,315.3090909090909,4784,0.9258744038155803,9.53223466873169,0.9268396547808312,682,Credit-a
Furthest from Diagonal (n=10),furthest_diagonal,4,6246,6246,682,682,0.7487129987129987,312.25219941348973,11030,0.9273364751305927,20.37473702430725,0.9268396547808312,682,Credit-a
Below Hull Threshold (2.0%),below_hull,1,97,97,18,18,0.7403096373684609,375.22222222222223,97,0.735454992807934,0.005231142044067383,0.9273648648648648,23,Credit-a
Below Hull Threshold (2.0%),below_hull,2,1339,1339,29,29,0.7487129987129987,346.86206896551727,1436,0.920934590052237,3.648350238800049,0.9273648648648648,23,Credit-a
Below Hull Threshold (2.0%),below_hull,3,2127,2127,5,5,0.7487129987129987,283.4,3563,0.9249753955636308,6.107814311981201,0.9273648648648648,23,Credit-a
Below Hull Threshold (2.0%),below_hull,4,280,280,23,23,0.7487129987129987,313.17391304347825,3843,0.9273648648648648,0.9791760444641113,0.9273648648648648,23,Credit-a
Above Diagonal Threshold (5.0%),above_diagonal,1,97,97,18,18,0.7403096373684609,375.22222222222223,97,0.735454992807934,0.0032105445861816406,0.9274169127110303,17,Credit-a
Above Diagonal Threshold (5.0%),above_diagonal,2,1339,1339,29,29,0.7487129987129987,346.86206896551727,1436,0.920934590052237,3.874645709991455,0.9274169127110303,17,Credit-a
Above Diagonal Threshold (5.0%),above_diagonal,3,2127,2127,5,5,0.7487129987129987,283.4,3563,0.9249753955636308,5.998082876205444,0.9274169127110303,17,Credit-a
Above Diagonal Threshold (5.0%),above_diagonal,4,280,280,17,17,0.7487129987129987,302.8235294117647,3843,0.9274169127110303,1.0810422897338867,0.9274169127110303,17,Credit-a
Closest to Hull (n=25),closest_to_hull,1,97,97,35,35,0.7403096373684609,415.9714285714286,97,0.735454992807934,0.007239580154418945,0.9282686047391929,632,Credit-a
Closest to Hull (n=25),closest_to_hull,2,2650,2650,29,29,0.7487129987129987,357.86206896551727,2747,0.9198605117722765,7.2401251792907715,0.9282686047391929,632,Credit-a
Closest to Hull (n=25),closest_to_hull,3,2032,2032,105,105,0.7487129987129987,322.3619047619048,4779,0.9258744038155803,6.89110803604126,0.9282686047391929,632,Credit-a
Closest to Hull (n=25),closest_to_hull,4,6176,6176,632,632,0.7487129987129987,310.8164556962025,10955,0.9284342115224468,20.87033724784851,0.9282686047391929,632,Credit-a
Furthest from Diagonal (n=25),furthest_diagonal,1,97,97,35,35,0.7403096373684609,415.9714285714286,97,0.735454992807934,0.007860422134399414,0.9268396547808312,682,Credit-a
Furthest from Diagonal (n=25),furthest_diagonal,2,2650,2650,44,44,0.7487129987129987,307.8636363636364,2747,0.920934590052237,7.294462203979492,0.9268396547808312,682,Credit-a
Furthest from Diagonal (n=25),furthest_diagonal,3,3126,3126,110,110,0.7487129987129987,315.3090909090909,5873,0.9258744038155803,9.601735830307007,0.9268396547808312,682,Credit-a
Furthest from Diagonal (n=25),furthest_diagonal,4,6246,6246,682,682,0.7487129987129987,312.25219941348973,12119,0.9273364751305927,20.52603268623352,0.9268396547808312,682,Credit-a
Below Hull Threshold (5.0%),below_hull,1,97,97,18,18,0.7403096373684609,375.22222222222223,97,0.735454992807934,0.0056917667388916016,0.927880611704141,6,Credit-a
Below Hull Threshold (5.0%),below_hull,2,1339,1339,4,4,0.7487129987129987,335.75,1436,0.9211900976606858,4.053636789321899,0.927880611704141,6,Credit-a
Below Hull Threshold (5.0%),below_hull,3,273,273,27,27,0.7487129987129987,330.962962962963,1709,0.9231347944583239,0.7495720386505127,0.927880611704141,6,Credit-a
Below Hull Threshold (5.0%),below_hull,4,1690,1690,6,6,0.7487129987129987,285.5,3399,0.927880611704141,5.423346757888794,0.927880611704141,6,Credit-a
Above Diagonal Threshold (10.0%),above_diagonal,1,97,97,18,18,0.7403096373684609,375.22222222222223,97,0.735454992807934,0.0050830841064453125,0.9260920584449998,20,Credit-a
Above Diagonal Threshold (10.0%),above_diagonal,2,1339,1339,29,29,0.7487129987129987,346.86206896551727,1436,0.920934590052237,3.194617748260498,0.9260920584449998,20,Credit-a
Above Diagonal Threshold (10.0%),above_diagonal,3,2127,2127,5,5,0.7487129987129987,283.4,3563,0.9249753955636308,5.465001583099365,0.9260920584449998,20,Credit-a
Above Diagonal Threshold (10.0%),above_diagonal,4,280,280,20,20,0.7487129987129987,309.15,3843,0.9260920584449998,0.8324897289276123,0.9260920584449998,20,Credit-a
Pure ROC,pure_roc,0,1,0,1,1,0.0,351.0,0,0.5,,0.3607407407407407,11,ionosphere
Pure ROC,pure_roc,1,1,265,22,22,0.5374603174603174,252.72727272727272,265,0.7450264550264551,0.3361823558807373,0.3607407407407407,11,ionosphere
Pure ROC,pure_roc,2,22,5375,20,20,0.6882539682539682,222.7,5640,0.8451675485008818,13.06410002708435,0.3607407407407407,11,ionosphere
Pure ROC,pure_roc,3,20,4599,16,16,0.7596825396825396,209.75,10239,0.9111640211640212,13.573769569396973,0.3607407407407407,11,ionosphere
Pure ROC,pure_roc,4,16,3503,11,11,0.7984126984126985,200.27272727272728,13742,0.9408112874779542,11.312191247940063,0.3607407407407407,11,ionosphere
Hull Removal,hull_removal,1,265,265,108,108,0.5374603174603174,272.6574074074074,265,0.7450264550264551,0.0113556385040283,0.9515873015873016,14,ionosphere
Hull Removal,hull_removal,2,24631,24631,17,17,0.6882539682539682,238.64705882352945,24896,0.8943562610229276,63.96285891532898,0.9515873015873016,14,ionosphere
Hull Removal,hull_removal,3,3977,3977,18,18,0.7596825396825396,189.44444444444449,28873,0.9290123456790124,11.829571723937988,0.9515873015873016,14,ionosphere
Hull Removal,hull_removal,4,3836,3836,14,14,0.8073015873015873,172.14285714285714,32709,0.9515873015873016,11.079392433166504,0.9515873015873016,14,ionosphere
Closest to Hull (n=5),closest_to_hull,1,265,265,27,27,0.5374603174603174,249.22222222222223,265,0.7450264550264551,0.0099472999572753,0.9515873015873016,11,ionosphere
Closest to Hull (n=5),closest_to_hull,2,6575,6575,16,16,0.6882539682539682,235.75,6840,0.8943562610229276,15.635542392730711,0.9515873015873016,11,ionosphere
Closest to Hull (n=5),closest_to_hull,3,3732,3732,17,17,0.7596825396825396,184.58823529411765,10572,0.9290123456790124,8.039551019668579,0.9515873015873016,11,ionosphere
Closest to Hull (n=5),closest_to_hull,4,3600,3600,11,11,0.8073015873015873,149.9090909090909,14172,0.9515873015873016,8.972783327102661,0.9515873015873016,11,ionosphere
Furthest from Diagonal (n=5),furthest_diagonal,1,265,265,27,27,0.5374603174603174,249.22222222222223,265,0.7450264550264551,0.0119974613189697,0.9511287477954145,47,ionosphere
Furthest from Diagonal (n=5),furthest_diagonal,2,6575,6575,16,16,0.6882539682539682,235.75,6840,0.8943562610229276,13.374067068099976,0.9511287477954145,47,ionosphere
Furthest from Diagonal (n=5),furthest_diagonal,3,3732,3732,17,17,0.7596825396825396,184.58823529411765,10572,0.9290123456790124,8.84932827949524,0.9511287477954145,47,ionosphere
Furthest from Diagonal (n=5),furthest_diagonal,4,3600,3600,47,47,0.8073015873015873,212.0212765957447,14172,0.9511287477954145,10.706934928894045,0.9511287477954145,47,ionosphere
Below Hull Threshold (1.0%),below_hull,1,265,265,24,24,0.5374603174603174,252.375,265,0.7450264550264551,0.0093152523040771,0.9464021164021164,4,ionosphere
Below Hull Threshold (1.0%),below_hull,2,5854,5854,6,6,0.6882539682539682,215.66666666666663,6119,0.892310405643739,13.204944133758543,0.9464021164021164,4,ionosphere
Below Hull Threshold (1.0%),below_hull,3,1319,1319,6,6,0.7596825396825396,190.83333333333331,7438,0.9267724867724868,3.47317886352539,0.9464021164021164,4,ionosphere
Below Hull Threshold (1.0%),below_hull,4,1266,1266,4,4,0.7984126984126985,173.25,8704,0.9464021164021164,3.3009302616119385,0.9464021164021164,4,ionosphere
Above Diagonal Threshold (1.0%),above_diagonal,1,265,265,25,25,0.5374603174603174,255.0,265,0.7450264550264551,0.0094940662384033,0.9475837742504408,4,ionosphere
Above Diagonal Threshold (1.0%),above_diagonal,2,6110,6110,9,9,0.6882539682539682,214.66666666666663,6375,0.8943562610229276,13.037895679473875,0.9475837742504408,4,ionosphere
Above Diagonal Threshold (1.0%),above_diagonal,3,2042,2042,10,10,0.7596825396825396,204.9,8417,0.9283245149911816,4.770747900009155,0.9475837742504408,4,ionosphere
Above Diagonal Threshold (1.0%),above_diagonal,4,2178,2178,4,4,0.7914285714285714,175.0,10595,0.9475837742504408,5.251604795455933,0.9475837742504408,4,ionosphere
Closest to Hull (n=10),closest_to_hull,1,265,265,32,32,0.5374603174603174,255.84375,265,0.7450264550264551,0.008949518203735352,0.9515873015873016,198,ionosphere
Closest to Hull (n=10),closest_to_hull,2,7816,7816,16,16,0.6882539682539682,235.75,8081,0.8943562610229276,18.063734531402588,0.9515873015873016,198,ionosphere
Closest to Hull (n=10),closest_to_hull,3,3732,3732,17,17,0.7596825396825396,184.58823529411765,11813,0.9290123456790124,9.554407358169556,0.9515873015873016,198,ionosphere
Closest to Hull (n=10),closest_to_hull,4,3600,3600,198,198,0.8073015873015873,86.70707070707071,15413,0.9509347442680777,8.844559907913208,0.9515873015873016,198,ionosphere
Furthest from Diagonal (n=10),furthest_diagonal,1,265,265,32,32,0.5374603174603174,254.0625,265,0.7450264550264551,0.012964963912963867,0.9555908289241624,17,ionosphere
Furthest from Diagonal (n=10),furthest_diagonal,2,7805,7805,22,22,0.6882539682539682,239.22727272727272,8070,0.8932098765432099,16.74354124069214,0.9555908289241624,17,ionosphere
Furthest from Diagonal (n=10),furthest_diagonal,3,5171,5171,18,18,0.7596825396825396,196.72222222222223,13241,0.9316931216931217,11.838736057281494,0.9555908289241624,17,ionosphere
Furthest from Diagonal (n=10),furthest_diagonal,4,3880,3880,17,17,0.8073015873015873,206.23529411764707,17121,0.9555908289241624,10.158769607543945,0.9555908289241624,17,ionosphere
Below Hull Threshold (2.0%),below_hull,1,265,265,34,34,0.5374603174603174,275.1470588235294,265,0.7450264550264551,0.011829614639282227,0.9464021164021165,4,ionosphere
Below Hull Threshold (2.0%),below_hull,2,8414,8414,7,7,0.6882539682539682,228.0,8679,0.892204585537919,18.648993015289307,0.9464021164021165,4,ionosphere
Below Hull Threshold (2.0%),below_hull,3,1573,1573,6,6,0.7596825396825396,190.83333333333334,10252,0.9267724867724867,3.586387872695923,0.9464021164021165,4,ionosphere
Below Hull Threshold (2.0%),below_hull,4,1266,1266,4,4,0.7984126984126985,173.25,11518,0.9464021164021165,3.2600932121276855,0.9464021164021165,4,ionosphere
Above Diagonal Threshold (5.0%),above_diagonal,1,265,265,27,27,0.5374603174603174,259.81481481481484,265,0.7450264550264551,0.010849237442016602,0.9490476190476191,28,ionosphere
Above Diagonal Threshold (5.0%),above_diagonal,2,6622,6622,9,9,0.6882539682539682,214.66666666666666,6887,0.8943562610229276,14.462251424789429,0.9490476190476191,28,ionosphere
Above Diagonal Threshold (5.0%),above_diagonal,3,2042,2042,5,5,0.7596825396825396,174.8,8929,0.9283245149911816,4.898341655731201,0.9490476190476191,28,ionosphere
Above Diagonal Threshold (5.0%),above_diagonal,4,1033,1033,28,28,0.7914285714285714,222.92857142857142,9962,0.9490476190476191,3.019686698913574,0.9490476190476191,28,ionosphere
Closest to Hull (n=25),closest_to_hull,1,265,265,47,47,0.5374603174603174,255.93617021276594,265,0.7450264550264551,0.011667966842651367,0.9515873015873016,204,ionosphere
Closest to Hull (n=25),closest_to_hull,2,11436,11436,30,30,0.6882539682539682,258.06666666666666,11701,0.8928042328042327,24.964200973510742,0.9515873015873016,204,ionosphere
Closest to Hull (n=25),closest_to_hull,3,7180,7180,38,38,0.7596825396825396,213.52631578947367,18881,0.9243915343915343,14.41274642944336,0.9515873015873016,204,ionosphere
Closest to Hull (n=25),closest_to_hull,4,8382,8382,204,204,0.8073015873015873,91.44117647058823,27263,0.9509347442680777,20.325182914733887,0.9515873015873016,204,ionosphere
Furthest from Diagonal (n=25),furthest_diagonal,1,265,265,47,47,0.5374603174603174,261.48936170212767,265,0.7450264550264551,0.011359930038452148,0.9555731922398589,34,ionosphere
Furthest from Diagonal (n=25),furthest_diagonal,2,11502,11502,39,39,0.6882539682539682,243.84615384615384,11767,0.8921164021164021,25.767018795013428,0.9555731922398589,34,ionosphere
Furthest from Diagonal (n=25),furthest_diagonal,3,9257,9257,45,45,0.7596825396825396,221.48888888888888,21024,0.9312345679012346,21.52774214744568,0.9555731922398589,34,ionosphere
Furthest from Diagonal (n=25),furthest_diagonal,4,10092,10092,34,34,0.8073015873015873,219.58823529411765,31116,0.9555731922398589,24.86899209022522,0.9555731922398589,34,ionosphere
Below Hull Threshold (5.0%),below_hull,1,265,265,40,40,0.5374603174603174,283.4,265,0.7450264550264551,0.01226806640625,0.9464021164021165,4,ionosphere
Below Hull Threshold (5.0%),below_hull,2,9950,9950,9,9,0.6882539682539682,233.66666666666666,10215,0.8889065255731923,20.936723709106445,0.9464021164021165,4,ionosphere
Below Hull Threshold (5.0%),below_hull,3,2056,2056,6,6,0.7596825396825396,185.0,12271,0.9242504409171075,4.983530521392822,0.9464021164021165,4,ionosphere
Below Hull Threshold (5.0%),below_hull,4,1261,1261,4,4,0.7984126984126985,173.25,13532,0.9464021164021165,2.955498218536377,0.9464021164021165,4,ionosphere
Above Diagonal Threshold (10.0%),above_diagonal,1,265,265,32,32,0.5374603174603174,258.28125,265,0.7450264550264551,0.010630607604980469,0.9534744268077602,5,ionosphere
Above Diagonal Threshold (10.0%),above_diagonal,2,7844,7844,11,11,0.6882539682539682,220.63636363636363,8109,0.8934391534391535,16.92313265800476,0.9534744268077602,5,ionosphere
Above Diagonal Threshold (10.0%),above_diagonal,3,2522,2522,6,6,0.7596825396825396,168.66666666666666,10631,0.9310052910052911,6.122829914093018,0.9534744268077602,5,ionosphere
Above Diagonal Threshold (10.0%),above_diagonal,4,1241,1241,5,5,0.7914285714285714,173.6,11872,0.9534744268077602,3.7851545810699463,0.9534744268077602,5,ionosphere
Pure ROC,pure_roc,0,1,0,1,1,0.0,5644.0,0,0.5,,0.4711430443737128,12,mushroom
Pure ROC,pure_roc,1,1,175,19,19,0.7346938775510204,2644.2105263157896,175,0.8357113070415823,0.7752716541290283,0.4711430443737128,12,mushroom
Pure ROC,pure_roc,2,19,2777,15,15,0.8599172780037787,2447.2,2952,0.9374904256948818,22.05216956138611,0.4711430443737128,12,mushroom
Pure ROC,pure_roc,3,15,2062,14,14,0.9149631495634116,2433.285714285714,5014,0.9706005004170144,17.869624853134155,0.4711430443737128,12,mushroom
Pure ROC,pure_roc,4,14,1835,12,12,0.92872461745332,2433.5,6849,0.9777642082687956,17.039923906326294,0.4711430443737128,12,mushroom
Hull Removal,hull_removal,1,175,175,81,81,0.7346938775510204,2907.382716049383,175,0.8357113070415823,0.0076386928558349,0.9867959694303076,50,mushroom
Hull Removal,hull_removal,2,11648,11648,180,180,0.8599172780037787,1825.8222222222223,11823,0.973753638235945,92.0337245464325,0.9867959694303076,50,mushroom
Hull Removal,hull_removal,3,12539,12539,24,24,0.9149631495634116,3325.6666666666665,24362,0.9812088304879916,99.99441313743591,0.9867959694303076,50,mushroom
Hull Removal,hull_removal,4,3372,3372,50,50,0.92872461745332,3389.12,27734,0.9867959694303076,25.21190905570984,0.9867959694303076,50,mushroom
Closest to Hull (n=5),closest_to_hull,1,175,175,24,24,0.7346938775510204,2946.333333333333,175,0.8357113070415823,0.0091984272003173,0.9773237902333576,9,mushroom
Closest to Hull (n=5),closest_to_hull,2,3526,3526,133,133,0.8599172780037787,1816.18045112782,3701,0.973753638235945,26.28769826889038,0.9773237902333576,9,mushroom
Closest to Hull (n=5),closest_to_hull,3,12502,12502,8,8,0.9149631495634116,2013.5,16203,0.974213204881619,94.62075877189636,0.9773237902333576,9,mushroom
Closest to Hull (n=5),closest_to_hull,4,1036,1036,9,9,0.92872461745332,2189.333333333333,17239,0.9773237902333576,8.295113563537598,0.9773237902333576,9,mushroom
Furthest from Diagonal (n=5),furthest_diagonal,1,175,175,24,24,0.7346938775510204,3120.1666666666665,175,0.8357113070415823,0.0088438987731933,0.9711451719970724,121,mushroom
Furthest from Diagonal (n=5),furthest_diagonal,2,3585,3585,137,137,0.8599172780037787,1825.0802919708028,3760,0.969851576994434,23.71503734588623,0.9711451719970724,121,mushroom
Furthest from Diagonal (n=5),furthest_diagonal,3,12525,12525,49,49,0.9149631495634116,2271.183673469388,16285,0.9737536382359449,98.93995809555054,0.9711451719970724,121,mushroom
Furthest from Diagonal (n=5),furthest_diagonal,4,6402,6402,121,121,0.92872461745332,2136.7272727272725,22687,0.9772088985719392,48.712799072265625,0.9711451719970724,121,mushroom
Below Hull Threshold (1.0%),below_hull,1,175,175,26,26,0.7346938775510204,2834.0,175,0.8357113070415823,0.007232666015625,0.9830683733042842,4,mushroom
Below Hull Threshold (1.0%),below_hull,2,3773,3773,7,7,0.8599172780037787,2874.285714285714,3948,0.9726472740889516,23.061898469924927,0.9830683733042842,4,mushroom
Below Hull Threshold (1.0%),below_hull,3,983,983,26,26,0.9149631495634116,2644.6153846153848,4931,0.982732208813467,6.565094947814941,0.9830683733042842,4,mushroom
Below Hull Threshold (1.0%),below_hull,4,3453,3453,4,4,0.92872461745332,2933.0,8384,0.9830683733042842,24.076313018798828,0.9830683733042842,4,mushroom
Above Diagonal Threshold (1.0%),above_diagonal,1,175,175,26,26,0.7346938775510204,2834.0,175,0.8357113070415823,0.0062870979309082,0.9892469915405696,6,mushroom
Above Diagonal Threshold (1.0%),above_diagonal,2,3773,3773,6,6,0.8599172780037787,2883.333333333333,3948,0.973753638235945,25.901254415512085,0.9892469915405696,6,mushroom
Above Diagonal Threshold (1.0%),above_diagonal,3,842,842,5,5,0.9149631495634116,2871.2,4790,0.9837534680260762,6.286131381988525,0.9892469915405696,6,mushroom
Above Diagonal Threshold (1.0%),above_diagonal,4,669,669,6,6,0.92872461745332,2600.6666666666665,5459,0.9892469915405696,5.027646780014038,0.9892469915405696,6,mushroom
Closest to Hull (n=10),closest_to_hull,1,175,175,29,29,0.7346938775510204,3291.0344827586205,175,0.8357113070415823,0.00813150405883789,0.9711451719970723,81,mushroom
Closest to Hull (n=10),closest_to_hull,2,4341,4341,144,144,0.8599172780037787,1803.5555555555557,4516,0.973753638235945,32.10279130935669,0.9711451719970723,81,mushroom
Closest to Hull (n=10),closest_to_hull,3,12512,12512,14,14,0.9149631495634116,2060.285714285714,17028,0.9724770642201834,103.89932322502136,0.9711451719970723,81,mushroom
Closest to Hull (n=10),closest_to_hull,4,1810,1810,81,81,0.9287246174533199,2129.4814814814813,18838,0.9772088985719392,14.64335012435913,0.9711451719970723,81,mushroom
Furthest from Diagonal (n=10),furthest_diagonal,1,175,175,29,29,0.7346938775510204,2986.0689655172414,175,0.8357113070415823,0.008903980255126953,0.9711451719970723,122,mushroom
Furthest from Diagonal (n=10),furthest_diagonal,2,4318,4318,146,146,0.8599172780037787,1840.7123287671234,4493,0.9686260659393031,33.68455171585083,0.9711451719970723,122,mushroom
Furthest from Diagonal (n=10),furthest_diagonal,3,12590,12590,50,50,0.9149631495634116,2271.2,17083,0.9737536382359449,105.58178377151489,0.9711451719970723,122,mushroom
Furthest from Diagonal (n=10),furthest_diagonal,4,6532,6532,122,122,0.9287246174533199,2136.2622950819673,23615,0.9772088985719392,53.41071271896362,0.9711451719970723,122,mushroom
Below Hull Threshold (2.0%),below_hull,1,175,175,29,29,0.7346938775510204,3053.2413793103447,175,0.8357113070415823,0.008341073989868164,0.981400316590356,3,mushroom
Below Hull Threshold (2.0%),below_hull,2,4274,4274,7,7,0.8599172780037787,2874.285714285714,4449,0.9726472740889517,33.86035084724426,0.981400316590356,3,mushroom
Below Hull Threshold (2.0%),below_hull,3,983,983,5,5,0.9149631495634116,2851.2,5432,0.9804173545982197,6.090250492095947,0.981400316590356,3,mushroom
Below Hull Threshold (2.0%),below_hull,4,668,668,3,3,0.9287246174533199,3146.6666666666665,6100,0.981400316590356,5.689288139343262,0.981400316590356,3,mushroom
Above Diagonal Threshold (5.0%),above_diagonal,1,175,175,26,26,0.7346938775510204,2834.0,175,0.8357113070415823,0.006281614303588867,0.9830683733042842,4,mushroom
Above Diagonal Threshold (5.0%),above_diagonal,2,3773,3773,6,6,0.8599172780037787,2883.3333333333335,3948,0.973753638235945,28.15637993812561,0.9830683733042842,4,mushroom
Above Diagonal Threshold (5.0%),above_diagonal,3,842,842,5,5,0.9149631495634116,2871.2,4790,0.9837534680260762,6.9117913246154785,0.9830683733042842,4,mushroom
Above Diagonal Threshold (5.0%),above_diagonal,4,669,669,4,4,0.9287246174533199,2933.0,5459,0.9830683733042842,5.709633111953735,0.9830683733042842,4,mushroom
Closest to Hull (n=25),closest_to_hull,1,175,175,44,44,0.7346938775510204,3129.4545454545455,175,0.8357113070415823,0.010516166687011719,0.9711451719970723,162,mushroom
Closest to Hull (n=25),closest_to_hull,2,6500,6500,155,155,0.8599172780037787,1794.6064516129031,6675,0.973753638235945,50.167473554611206,0.9711451719970723,162,mushroom
Closest to Hull (n=25),closest_to_hull,3,12523,12523,96,96,0.9149631495634116,2285.5,19198,0.9717281407976034,108.7512719631195,0.9711451719970723,162,mushroom
Closest to Hull (n=25),closest_to_hull,4,12524,12524,162,162,0.9287246174533199,2138.864197530864,31722,0.9772088985719392,110.1566309928894,0.9711451719970723,162,mushroom
Furthest from Diagonal (n=25),furthest_diagonal,1,175,175,44,44,0.7346938775510204,2621.590909090909,175,0.8357113070415823,0.009721040725708008,0.9711451719970723,192,mushroom
Furthest from Diagonal (n=25),furthest_diagonal,2,6304,6304,158,158,0.8599172780037787,1848.5822784810127,6479,0.9676643801807628,43.69484567642212,0.9711451719970723,192,mushroom
Furthest from Diagonal (n=25),furthest_diagonal,3,12723,12723,85,85,0.9149631495634116,2288.470588235294,19202,0.9737536382359449,91.86952805519104,0.9711451719970723,192,mushroom
Furthest from Diagonal (n=25),furthest_diagonal,4,11115,11115,192,192,0.9287246174533199,2130.75,30317,0.9772088985719392,95.753977060318,0.9711451719970723,192,mushroom
Below Hull Threshold (5.0%),below_hull,1,175,175,33,33,0.7346938775510204,3176.7272727272725,175,0.8357113070415823,0.010022401809692383,0.981400316590356,3,mushroom
Below Hull Threshold (5.0%),below_hull,2,4861,4861,7,7,0.8599172780037787,2874.285714285714,5036,0.9726472740889517,34.99456715583801,0.981400316590356,3,mushroom
Below Hull Threshold (5.0%),below_hull,3,983,983,5,5,0.9149631495634116,2851.2,6019,0.9804173545982197,4.442625522613525,0.981400316590356,3,mushroom
Below Hull Threshold (5.0%),below_hull,4,668,668,3,3,0.9287246174533199,3146.6666666666665,6687,0.981400316590356,3.1028854846954346,0.981400316590356,3,mushroom
Above Diagonal Threshold (10.0%),above_diagonal,1,175,175,26,26,0.7346938775510204,2834.0,175,0.8357113070415823,0.0031495094299316406,0.981400316590356,3,mushroom
Above Diagonal Threshold (10.0%),above_diagonal,2,3773,3773,6,6,0.8599172780037787,2883.3333333333335,3948,0.973753638235945,15.793946504592896,0.981400316590356,3,mushroom
Above Diagonal Threshold (10.0%),above_diagonal,3,842,842,5,5,0.9149631495634116,2851.2,4790,0.9804173545982197,3.1185240745544434,0.981400316590356,3,mushroom
Above Diagonal Threshold (10.0%),above_diagonal,4,668,668,3,3,0.9287246174533199,3146.6666666666665,5458,0.981400316590356,2.556647539138794,0.981400316590356,3,mushroom
Pure ROC,pure_roc,0,1,0,1,1,0.0,958.0,0,0.5,,0.1985594133723392,10,tic-tac-toe
Pure ROC,pure_roc,1,1,54,6,6,0.3418915277724316,594.6666666666666,54,0.653104430501559,0.0593395233154296,0.1985594133723392,10,tic-tac-toe
Pure ROC,pure_roc,2,6,288,9,9,0.3418915277724316,371.6666666666667,342,0.6930260980022326,0.3551044464111328,0.1985594133723392,10,tic-tac-toe
Pure ROC,pure_roc,3,9,370,11,11,0.3450479233226837,351.45454545454544,712,0.7100687093421609,0.6602921485900879,0.1985594133723392,10,tic-tac-toe
Pure ROC,pure_roc,4,11,429,10,10,0.3450479233226837,352.2,1141,0.7122627891758728,0.8696961402893066,0.1985594133723392,10,tic-tac-toe
Hull Removal,hull_removal,1,54,54,27,27,0.3418915277724316,402.22222222222223,54,0.653104430501559,0.0029225349426269,0.7365949420685939,38,tic-tac-toe
Hull Removal,hull_removal,2,1252,1252,26,26,0.3418915277724316,279.53846153846155,1306,0.7089283652180608,2.771248817443848,0.7365949420685939,38,tic-tac-toe
Hull Removal,hull_removal,3,944,944,22,22,0.3450479233226837,338.0,2250,0.7365949420685939,2.401822328567505,0.7365949420685939,38,tic-tac-toe
Hull Removal,hull_removal,4,888,888,38,38,0.3450479233226837,304.5263157894737,3138,0.7365949420685939,1.96473240852356,0.7365949420685939,38,tic-tac-toe
Closest to Hull (n=5),closest_to_hull,1,54,54,11,11,0.3418915277724316,558.5454545454545,54,0.653104430501559,0.0062615871429443,0.6325878594249201,16,tic-tac-toe
Closest to Hull (n=5),closest_to_hull,2,528,528,20,20,0.3216059124677624,288.0,582,0.6663940105469803,1.1578633785247805,0.6325878594249201,16,tic-tac-toe
Closest to Hull (n=5),closest_to_hull,3,760,760,8,8,0.3450479233226837,216.0,1342,0.6725239616613419,2.089331150054932,0.6325878594249201,16,tic-tac-toe
Closest to Hull (n=5),closest_to_hull,4,288,288,16,16,0.2651757188498402,166.0,1630,0.6325878594249201,0.6758167743682861,0.6325878594249201,16,tic-tac-toe
Furthest from Diagonal (n=5),furthest_diagonal,1,54,54,11,11,0.3418915277724316,558.5454545454545,54,0.653104430501559,0.0046858787536621,0.6325878594249201,16,tic-tac-toe
Furthest from Diagonal (n=5),furthest_diagonal,2,528,528,20,20,0.3216059124677624,288.0,582,0.6663940105469803,1.112087965011597,0.6325878594249201,16,tic-tac-toe
Furthest from Diagonal (n=5),furthest_diagonal,3,760,760,8,8,0.3450479233226837,216.0,1342,0.6725239616613419,1.788050651550293,0.6325878594249201,16,tic-tac-toe
Furthest from Diagonal (n=5),furthest_diagonal,4,288,288,16,16,0.2651757188498402,166.0,1630,0.6325878594249201,0.662219762802124,0.6325878594249201,16,tic-tac-toe
Below Hull Threshold (1.0%),below_hull,1,54,54,14,14,0.3418915277724316,540.0,54,0.653104430501559,0.0035903453826904,0.6325878594249201,16,tic-tac-toe
Below Hull Threshold (1.0%),below_hull,2,672,672,10,10,0.3216059124677624,347.6,726,0.6663940105469803,1.2376859188079834,0.6325878594249201,16,tic-tac-toe
Below Hull Threshold (1.0%),below_hull,3,400,400,8,8,0.3450479233226837,216.0,1126,0.6725239616613419,0.9565927982330322,0.6325878594249201,16,tic-tac-toe
Below Hull Threshold (1.0%),below_hull,4,288,288,16,16,0.2651757188498402,166.0,1414,0.6325878594249201,0.6084036827087402,0.6325878594249201,16,tic-tac-toe
Above Diagonal Threshold (1.0%),above_diagonal,1,54,54,14,14,0.3418915277724316,540.0,54,0.653104430501559,0.0058598518371582,0.6325878594249201,16,tic-tac-toe
Above Diagonal Threshold (1.0%),above_diagonal,2,672,672,10,10,0.3216059124677624,347.6,726,0.6663940105469803,1.4071171283721924,0.6325878594249201,16,tic-tac-toe
Above Diagonal Threshold (1.0%),above_diagonal,3,400,400,8,8,0.3450479233226837,216.0,1126,0.6725239616613419,0.8420307636260986,0.6325878594249201,16,tic-tac-toe
Above Diagonal Threshold (1.0%),above_diagonal,4,288,288,16,16,0.2651757188498402,166.0,1414,0.6325878594249201,0.6961042881011963,0.6325878594249201,16,tic-tac-toe
Closest to Hull (n=10),closest_to_hull,1,54,54,16,16,0.3418915277724316,492.625,54,0.653104430501559,0.006451606750488281,0.6325878594249201,16,tic-tac-toe
Closest to Hull (n=10),closest_to_hull,2,768,768,20,20,0.32160591246776243,288.0,822,0.6663940105469803,1.6342647075653076,0.6325878594249201,16,tic-tac-toe
Closest to Hull (n=10),closest_to_hull,3,760,760,16,16,0.3450479233226837,188.0,1582,0.6277955271565495,1.8141703605651855,0.6325878594249201,16,tic-tac-toe
Closest to Hull (n=10),closest_to_hull,4,480,480,16,16,0.26517571884984026,166.0,2062,0.6325878594249201,1.3191137313842773,0.6325878594249201,16,tic-tac-toe
Furthest from Diagonal (n=10),furthest_diagonal,1,54,54,16,16,0.3418915277724316,492.625,54,0.653104430501559,0.004305601119995117,0.6325878594249201,16,tic-tac-toe
Furthest from Diagonal (n=10),furthest_diagonal,2,768,768,27,27,0.32160591246776243,315.74074074074076,822,0.6488028792486239,1.4353976249694824,0.6325878594249201,16,tic-tac-toe
Furthest from Diagonal (n=10),furthest_diagonal,3,1054,1054,15,15,0.3450479233226837,241.2,1876,0.6549616998344818,2.348952531814575,0.6325878594249201,16,tic-tac-toe
Furthest from Diagonal (n=10),furthest_diagonal,4,540,540,16,16,0.26517571884984026,166.0,2416,0.6325878594249201,1.2788493633270264,0.6325878594249201,16,tic-tac-toe
Below Hull Threshold (2.0%),below_hull,1,54,54,14,14,0.3418915277724316,540.0,54,0.653104430501559,0.002038240432739258,0.6325878594249201,16,tic-tac-toe
Below Hull Threshold (2.0%),below_hull,2,672,672,10,10,0.32160591246776243,347.6,726,0.6663940105469803,1.4431333541870117,0.6325878594249201,16,tic-tac-toe
Below Hull Threshold (2.0%),below_hull,3,400,400,8,8,0.3450479233226837,216.0,1126,0.6725239616613419,0.9791934490203857,0.6325878594249201,16,tic-tac-toe
Below Hull Threshold (2.0%),below_hull,4,288,288,16,16,0.26517571884984026,166.0,1414,0.6325878594249201,0.7448568344116211,0.6325878594249201,16,tic-tac-toe
Above Diagonal Threshold (5.0%),above_diagonal,1,54,54,14,14,0.3418915277724316,540.0,54,0.653104430501559,0.006194114685058594,0.6325878594249201,16,tic-tac-toe
Above Diagonal Threshold (5.0%),above_diagonal,2,672,672,10,10,0.32160591246776243,347.6,726,0.6663940105469803,1.5203807353973389,0.6325878594249201,16,tic-tac-toe
Above Diagonal Threshold (5.0%),above_diagonal,3,400,400,8,8,0.3450479233226837,216.0,1126,0.6725239616613419,0.9721128940582275,0.6325878594249201,16,tic-tac-toe
Above Diagonal Threshold (5.0%),above_diagonal,4,288,288,16,16,0.26517571884984026,166.0,1414,0.6325878594249201,0.67535400390625,0.6325878594249201,16,tic-tac-toe
Closest to Hull (n=25),closest_to_hull,1,54,54,27,27,0.3418915277724316,402.22222222222223,54,0.653104430501559,0.006602048873901367,0.6285942492012779,48,tic-tac-toe
Closest to Hull (n=25),closest_to_hull,2,1252,1252,32,32,0.32160591246776243,216.75,1306,0.6649697832865007,2.639847993850708,0.6285942492012779,48,tic-tac-toe
Closest to Hull (n=25),closest_to_hull,3,1000,1000,32,32,0.3450479233226837,209.5,2306,0.6288300165518304,2.8029298782348633,0.6285942492012779,48,tic-tac-toe
Closest to Hull (n=25),closest_to_hull,4,1008,1008,48,48,0.26517571884984026,162.66666666666666,3314,0.6285942492012779,2.2501630783081055,0.6285942492012779,48,tic-tac-toe
Furthest from Diagonal (n=25),furthest_diagonal,1,54,54,27,27,0.3418915277724316,402.22222222222223,54,0.653104430501559,0.004495382308959961,0.6325878594249201,72,tic-tac-toe
Furthest from Diagonal (n=25),furthest_diagonal,2,1252,1252,36,36,0.32160591246776243,310.55555555555554,1306,0.6537347472958929,2.6877124309539795,0.6325878594249201,72,tic-tac-toe
Furthest from Diagonal (n=25),furthest_diagonal,3,1352,1352,40,40,0.3450479233226837,268.8,2658,0.6531910389160475,3.566787004470825,0.6325878594249201,72,tic-tac-toe
Furthest from Diagonal (n=25),furthest_diagonal,4,1440,1440,72,72,0.26517571884984026,162.11111111111111,4098,0.6285942492012779,3.4960570335388184,0.6325878594249201,72,tic-tac-toe
Below Hull Threshold (5.0%),below_hull,1,54,54,14,14,0.3418915277724316,540.0,54,0.653104430501559,0.0022859573364257812,0.6325878594249201,16,tic-tac-toe
Below Hull Threshold (5.0%),below_hull,2,672,672,10,10,0.32160591246776243,347.6,726,0.6663940105469803,1.4783031940460205,0.6325878594249201,16,tic-tac-toe
Below Hull Threshold (5.0%),below_hull,3,400,400,8,8,0.3450479233226837,216.0,1126,0.6725239616613419,0.8427801132202148,0.6325878594249201,16,tic-tac-toe
Below Hull Threshold (5.0%),below_hull,4,288,288,16,16,0.26517571884984026,166.0,1414,0.6325878594249201,0.5388784408569336,0.6325878594249201,16,tic-tac-toe
Above Diagonal Threshold (10.0%),above_diagonal,1,54,54,14,14,0.3418915277724316,540.0,54,0.653104430501559,0.005957603454589844,0.6325878594249201,16,tic-tac-toe
Above Diagonal Threshold (10.0%),above_diagonal,2,672,672,10,10,0.32160591246776243,347.6,726,0.6663940105469803,1.2937824726104736,0.6325878594249201,16,tic-tac-toe
Above Diagonal Threshold (10.0%),above_diagonal,3,400,400,8,8,0.3450479233226837,216.0,1126,0.6725239616613419,0.9526028633117676,0.6325878594249201,16,tic-tac-toe
Above Diagonal Threshold (10.0%),above_diagonal,4,288,288,16,16,0.26517571884984026,166.0,1414,0.6325878594249201,0.7600619792938232,0.6325878594249201,16,tic-tac-toe
Pure ROC,pure_roc,0,1,0,1,1,0.0,683.0,0,0.5,,0.9793999019940444,9,wisconsin
Pure ROC,pure_roc,1,1,103,10,10,0.8143446794074409,288.3,103,0.9616551698141655,0.0887386798858642,0.9793999019940444,9,wisconsin
Pure ROC,pure_roc,2,10,762,10,10,0.8732142184025029,279.4,865,0.975036752233405,1.1189539432525637,0.9793999019940444,9,wisconsin
Pure ROC,pure_roc,3,10,668,9,9,0.8889799841682686,280.77777777777777,1533,0.9780381846281428,1.261221170425415,0.9793999019940444,9,wisconsin
Pure ROC,pure_roc,4,9,551,9,9,0.891232236420521,286.3333333333333,2084,0.98293848241547,1.1465473175048828,0.9793999019940444,9,wisconsin
Hull Removal,hull_removal,1,103,103,37,37,0.8143446794074409,317.02702702702703,103,0.9616551698141655,0.0063552856445312,0.984045761242414,2038,wisconsin
Hull Removal,hull_removal,2,2739,2739,57,57,0.8732142184025029,320.1578947368421,2842,0.9818971691356628,5.032045841217041,0.984045761242414,2038,wisconsin
Hull Removal,hull_removal,3,3854,3854,828,828,0.8889799841682686,293.34299516908214,6696,0.984064608541596,7.498692512512207,0.984045761242414,2038,wisconsin
Hull Removal,hull_removal,4,6198,6198,2038,2038,0.891232236420521,281.35721295387634,12894,0.9843708771533038,12.639289379119871,0.984045761242414,2038,wisconsin
Closest to Hull (n=5),closest_to_hull,1,103,103,15,15,0.8143446794074409,259.8666666666667,103,0.9616551698141655,0.0074248313903808,0.9832588865015645,1279,wisconsin
Closest to Hull (n=5),closest_to_hull,2,1084,1084,48,48,0.8732142184025029,329.2083333333333,1187,0.9818029326397528,1.9515080451965328,0.9832588865015645,1279,wisconsin
Closest to Hull (n=5),closest_to_hull,3,3245,3245,661,661,0.8889799841682686,295.0090771558245,4432,0.984064608541596,6.106666326522827,0.9832588865015645,1279,wisconsin
Closest to Hull (n=5),closest_to_hull,4,5652,5652,1279,1279,0.891232236420521,218.94761532447225,10084,0.98410230313996,12.35245442390442,0.9832588865015645,1279,wisconsin
Furthest from Diagonal (n=5),furthest_diagonal,1,103,103,15,15,0.8143446794074409,313.6666666666667,103,0.9616551698141655,0.0061650276184082,0.9832588865015645,1213,wisconsin
Furthest from Diagonal (n=5),furthest_diagonal,2,1169,1169,54,54,0.8732142184025029,322.0925925925926,1272,0.9813788684081572,2.018750667572021,0.9832588865015645,1213,wisconsin
Furthest from Diagonal (n=5),furthest_diagonal,3,3661,3661,685,685,0.8889799841682686,291.5591240875912,4933,0.984064608541596,6.749320983886719,0.9832588865015645,1213,wisconsin
Furthest from Diagonal (n=5),furthest_diagonal,4,5680,5680,1213,1213,0.891232236420521,223.3734542456719,10613,0.98410230313996,11.623336791992188,0.9832588865015645,1213,wisconsin
Below Hull Threshold (1.0%),below_hull,1,103,103,22,22,0.8143446794074409,332.04545454545456,103,0.9616551698141655,0.0063447952270507,0.9838761355497756,29,wisconsin
Below Hull Threshold (1.0%),below_hull,2,1689,1689,6,6,0.8732142184025029,312.3333333333333,1792,0.9790842097327452,2.766475200653076,0.9838761355497756,29,wisconsin
Below Hull Threshold (1.0%),below_hull,3,405,405,7,7,0.8889799841682686,297.0,2197,0.982594519205398,0.7445089817047119,0.9838761355497756,29,wisconsin
Below Hull Threshold (1.0%),below_hull,4,406,406,29,29,0.891232236420521,263.17241379310343,2603,0.9838761355497756,0.5103490352630615,0.9838761355497756,29,wisconsin
Above Diagonal Threshold (1.0%),above_diagonal,1,103,103,18,18,0.8143446794074409,274.3888888888889,103,0.9616551698141655,0.0021872520446777,0.984045761242414,8,wisconsin
Above Diagonal Threshold (1.0%),above_diagonal,2,1321,1321,16,16,0.8732142184025029,276.3125,1424,0.9818877454860718,2.071272850036621,0.984045761242414,8,wisconsin
Above Diagonal Threshold (1.0%),above_diagonal,3,1051,1051,29,29,0.8889799841682686,266.2068965517241,2475,0.984064608541596,1.9011003971099851,0.984045761242414,8,wisconsin
Above Diagonal Threshold (1.0%),above_diagonal,4,1647,1647,8,8,0.891232236420521,290.0,4122,0.984045761242414,3.181208848953247,0.984045761242414,8,wisconsin
Closest to Hull (n=10),closest_to_hull,1,103,103,20,20,0.8143446794074409,281.45,103,0.9616551698141657,0.008525371551513672,0.9832588865015643,1279,wisconsin
Closest to Hull (n=10),closest_to_hull,2,1434,1434,49,49,0.8732142184025029,326.0612244897959,1537,0.9818029326397527,2.6348373889923096,0.9832588865015643,1279,wisconsin
Closest to Hull (n=10),closest_to_hull,3,3306,3306,679,679,0.8889799841682686,291.8114874815906,4843,0.9840646085415959,6.291945934295654,0.9832588865015643,1279,wisconsin
Closest to Hull (n=10),closest_to_hull,4,5652,5652,1279,1279,0.891232236420521,218.94761532447225,10495,0.98410230313996,11.952009677886963,0.9832588865015643,1279,wisconsin
Furthest from Diagonal (n=10),furthest_diagonal,1,103,103,20,20,0.8143446794074409,321.6,103,0.9616551698141657,0.003849029541015625,0.9832588865015643,1213,wisconsin
Furthest from Diagonal (n=10),furthest_diagonal,2,1535,1535,56,56,0.8732142184025029,319.30357142857144,1638,0.9811197180444042,2.610384464263916,0.9832588865015643,1213,wisconsin
Furthest from Diagonal (n=10),furthest_diagonal,3,3791,3791,685,685,0.8889799841682686,291.5591240875912,5429,0.9840646085415959,6.942924737930298,0.9832588865015643,1213,wisconsin
Furthest from Diagonal (n=10),furthest_diagonal,4,5680,5680,1213,1213,0.891232236420521,223.3734542456719,11109,0.98410230313996,11.5592041015625,0.9832588865015643,1213,wisconsin
Below Hull Threshold (2.0%),below_hull,1,103,103,25,25,0.8143446794074409,303.8,103,0.9616551698141657,0.005631446838378906,0.9834756304421576,7,wisconsin
Below Hull Threshold (2.0%),below_hull,2,1850,1850,6,6,0.8732142184025029,310.8333333333333,1953,0.9784905198085114,2.9955437183380127,0.9834756304421576,7,wisconsin
Below Hull Threshold (2.0%),below_hull,3,407,407,7,7,0.8889799841682686,297.0,2360,0.9825945192053979,0.7099533081054688,0.9834756304421576,7,wisconsin
Below Hull Threshold (2.0%),below_hull,4,406,406,7,7,0.891232236420521,296.42857142857144,2766,0.9834756304421576,0.7032942771911621,0.9834756304421576,7,wisconsin
Above Diagonal Threshold (5.0%),above_diagonal,1,103,103,18,18,0.8143446794074409,274.3888888888889,103,0.9616551698141657,0.003149747848510742,0.9840457612424139,8,wisconsin
Above Diagonal Threshold (5.0%),above_diagonal,2,1321,1321,19,19,0.8732142184025029,275.57894736842104,1424,0.9814731049040673,2.202625274658203,0.9840457612424139,8,wisconsin
Above Diagonal Threshold (5.0%),above_diagonal,3,1266,1266,8,8,0.8889799841682686,290.375,2690,0.983814881827434,2.418738842010498,0.9840457612424139,8,wisconsin
Above Diagonal Threshold (5.0%),above_diagonal,4,458,458,8,8,0.891232236420521,290.0,3148,0.9840457612424139,0.8869762420654297,0.9840457612424139,8,wisconsin
Closest to Hull (n=25),closest_to_hull,1,103,103,35,35,0.8143446794074409,314.57142857142856,103,0.9616551698141657,0.008943557739257812,0.9832588865015643,1195,wisconsin
Closest to Hull (n=25),closest_to_hull,2,2599,2599,55,55,0.8732142184025029,316.2181818181818,2702,0.9818971691356628,4.791978359222412,0.9832588865015643,1195,wisconsin
Closest to Hull (n=25),closest_to_hull,3,3692,3692,746,746,0.8889799841682686,287.19839142091155,6394,0.9840646085415959,6.939776420593262,0.9832588865015643,1195,wisconsin
Closest to Hull (n=25),closest_to_hull,4,5966,5966,1195,1195,0.891232236420521,266.6200836820084,12360,0.98410230313996,10.513336896896362,0.9832588865015643,1195,wisconsin
Furthest from Diagonal (n=25),furthest_diagonal,1,103,103,35,35,0.8143446794074409,314.57142857142856,103,0.9616551698141657,0.003894329071044922,0.9828630932187418,754,wisconsin
Furthest from Diagonal (n=25),furthest_diagonal,2,2599,2599,77,77,0.8732142184025029,301.5064935064935,2702,0.979574239511478,3.0379798412323,0.9828630932187418,754,wisconsin
Furthest from Diagonal (n=25),furthest_diagonal,3,5170,5170,788,788,0.8889799841682686,285.6802030456853,7872,0.9840033548192544,7.90739893913269,0.9828630932187418,754,wisconsin
Furthest from Diagonal (n=25),furthest_diagonal,4,5985,5985,754,754,0.891232236420521,275.0477453580902,13857,0.9831081081081081,11.46997857093811,0.9828630932187418,754,wisconsin
Below Hull Threshold (5.0%),below_hull,1,103,103,27,27,0.8143446794074409,324.1111111111111,103,0.9616551698141657,0.00465703010559082,0.9835840024124543,8,wisconsin
Below Hull Threshold (5.0%),below_hull,2,2031,2031,8,8,0.8732142184025029,291.625,2134,0.9781842511968035,3.6702401638031006,0.9835840024124543,8,wisconsin
Below Hull Threshold (5.0%),below_hull,3,532,532,8,8,0.8889799841682686,286.625,2666,0.9827641448980361,0.9676556587219238,0.9835840024124543,8,wisconsin
Below Hull Threshold (5.0%),below_hull,4,464,464,8,8,0.891232236420521,285.625,3130,0.9835840024124543,1.0212197303771973,0.9835840024124543,8,wisconsin
Above Diagonal Threshold (10.0%),above_diagonal,1,103,103,19,19,0.8143446794074409,269.10526315789474,103,0.9616551698141657,0.0068531036376953125,0.9835227486901127,8,wisconsin
Above Diagonal Threshold (10.0%),above_diagonal,2,1388,1388,6,6,0.8732142184025029,302.1666666666667,1491,0.9779863545553922,2.0392253398895264,0.9835227486901127,8,wisconsin
Above Diagonal Threshold (10.0%),above_diagonal,3,398,398,8,8,0.8889799841682686,286.375,1889,0.9829667533642429,0.6567907333374023,0.9835227486901127,8,wisconsin
Above Diagonal Threshold (10.0%),above_diagonal,4,457,457,8,8,0.891232236420521,285.5,2346,0.9835227486901127,0.9097287654876709,0.9835227486901127,8,wisconsin
Pure ROC,pure_roc,0,1,0,1,1,0.0,515345.0,0,0.5,,0.6280430745899233,8,YPMSD
Pure ROC,pure_roc,1,1,720,5,5,0.21293665649365973,309207.0,720,0.6057347987141956,233.25695967674255,0.6280430745899233,8,YPMSD
Pure ROC,pure_roc,2,5,3430,13,13,0.21294148869545249,226333.46153846153,4150,0.624570177444592,910.0091240406036,0.6280430745899233,8,YPMSD
Pure ROC,pure_roc,3,13,8106,10,10,0.21294632089724524,224656.1,12256,0.6322697809408122,2043.1047086715698,0.6280430745899233,8,YPMSD
Pure ROC,pure_roc,4,10,6076,8,8,0.21295115309903795,229848.0,18332,0.6354517070708618,1227.3575565814972,0.6280430745899233,8,YPMSD
Hull Removal,hull_removal,1,720,720,102,102,0.21293665649365973,500186.8725490196,720,0.599046006110009,231.94049286842346,0.6355654441587847,547,YPMSD
Hull Removal,hull_removal,2,10000,10000,143,143,0.21294148869545249,436500.06293706293,10720,0.6349066871436703,2773.9702847003937,0.6355654441587847,547,YPMSD
Hull Removal,hull_removal,3,10000,10000,569,569,0.21294632089724524,294811.086115993,20720,0.6355633928938242,1850.4997916221619,0.6355654441587847,547,YPMSD
Hull Removal,hull_removal,4,10000,10000,547,547,0.21295115309903795,300268.74223034736,30720,0.6355654441587847,1290.4850265979767,0.6355654441587847,547,YPMSD
Closest to Hull (n=5),closest_to_hull,1,720,720,99,99,0.21293665649365973,507535.77777777775,720,0.6178781807020349,228.30690002441406,0.6289492294549712,437,YPMSD
Closest to Hull (n=5),closest_to_hull,2,10000,10000,50,50,0.21294148869545249,311943.12,10720,0.6355606225176406,2917.342471599579,0.6289492294549712,437,YPMSD
Closest to Hull (n=5),closest_to_hull,3,10000,10000,441,441,0.21294632089724524,260087.24489795917,20720,0.6357089936754876,1829.4105496406555,0.6289492294549712,437,YPMSD
Closest to Hull (n=5),closest_to_hull,4,10000,10000,437,437,0.21295115309903795,252605.47368421053,30720,0.6289492294549712,1243.4151318073273,0.6289492294549712,437,YPMSD
Furthest from Diagonal (n=5),furthest_diagonal,1,720,720,9,9,0.21293665649365973,257672.77777777778,720,0.6020476759146297,226.55592322349548,0.6289492294549712,437,YPMSD
Furthest from Diagonal (n=5),furthest_diagonal,2,6065,6065,131,131,0.21294148869545249,442626.2061068702,6785,0.6355606225176406,1518.238517522812,0.6289492294549712,437,YPMSD
Furthest from Diagonal (n=5),furthest_diagonal,3,10000,10000,450,450,0.21294632089724524,252551.64444444445,16785,0.6289469603570489,2194.98242020607,0.6289492294549712,437,YPMSD
Furthest from Diagonal (n=5),furthest_diagonal,4,10000,10000,437,437,0.21295115309903795,252605.47368421053,26785,0.6289492294549712,1611.816713809967,0.6289492294549712,437,YPMSD
Below Hull Threshold (1.0%),below_hull,1,720,720,4,4,0.21293665649365973,322090.5,720,0.6178781807020349,227.7147433757782,0.6354517070708618,8,YPMSD
Below Hull Threshold (1.0%),below_hull,2,2732,2732,7,7,0.21294148869545249,240412.85714285713,3452,0.6355606225176406,728.1509675979614,0.6354517070708618,8,YPMSD
Below Hull Threshold (1.0%),below_hull,3,4209,4209,8,8,0.21294632089724524,229164.0,7661,0.6354714727347714,1109.6742520332336,0.6354517070708618,8,YPMSD
Below Hull Threshold (1.0%),below_hull,4,4802,4802,8,8,0.21295115309903795,229848.0,12463,0.6354517070708618,1180.359742641449,0.6354517070708618,8,YPMSD
Above Diagonal Threshold (1.0%),above_diagonal,1,720,720,4,4,0.2129366564936597,322090.5,720,0.6178781807020349,222.95397877693176,0.6354517070708618,8,YPMSD
Above Diagonal Threshold (1.0%),above_diagonal,2,2732,2732,7,7,0.2129414886954524,240412.85714285716,3452,0.6355606225176406,731.4401271343231,0.6354517070708618,8,YPMSD
Above Diagonal Threshold (1.0%),above_diagonal,3,4209,4209,8,8,0.2129463208972452,229164.0,7661,0.6354714727347714,1109.9189023971558,0.6354517070708618,8,YPMSD
Above Diagonal Threshold (1.0%),above_diagonal,4,4801,4801,8,8,0.2129511530990379,229848.0,12462,0.6354517070708618,1198.543993473053,0.6354517070708618,8,YPMSD
